Ejecucion,Fitness,Violaciones
1,-14.999999999980094,0.0
2,-14.999999999995916,0.0
3,-14.999999999997375,0.0
4,-14.999999999979869,0.0
5,-14.999999999994179,0.0
