Ejecucion,Fitness,Violaciones
1,-14.999999999991044,0.0
2,-14.999999999999819,0.0
3,-14.999999999972879,0.0
4,-14.99999999998111,0.0
5,-14.9999999999975,0.0
6,-14.99999999999849,0.0
7,-14.999999999994209,0.0
8,-14.99999999998952,0.0
9,-14.999999999998547,0.0
10,-14.999999999998987,0.0
11,-14.999999999987494,0.0
12,-14.999999999942315,0.0
13,-14.999999999999295,0.0
